Feature,Importance
Renda_Media,0.5355720899957399
Media_Ocupantes,0.13804725746632626
Latitude,0.08824575121775746
Longitude,0.08786101683037556
Idade_Casa,0.05328691030911575
Media_Comodos,0.042298580769820945
Populacao,0.02806688901488931
Media_Quartos,0.026621504395974736
